{
	"credit": "Made with Blockbench",
	"texture_size": [32, 32],
	"textures": {
		"0": "item/jetpack",
		"1": "item/jetpack_compact",
		"particle": "item/jetpack"
	},
	"elements": [
		{
			"from": [3.5, 4.5, 18],
			"to": [4.5, 5.5, 19],
			"rotation": {"angle": 0, "axis": "y", "origin": [7.5, 23, 10.5]},
			"faces": {
				"north": {"uv": [8, 3, 9, 4], "texture": "#1"},
				"east": {"uv": [8, 3, 9, 4], "texture": "#1"},
				"south": {"uv": [8, 3, 9, 4], "texture": "#1"},
				"west": {"uv": [8, 3, 9, 4], "texture": "#1"},
				"up": {"uv": [8, 3, 9, 4], "texture": "#1"},
				"down": {"uv": [8, 3, 9, 4], "texture": "#1"}
			}
		},
		{
			"from": [12, 4.5, 18],
			"to": [13, 5.5, 19],
			"rotation": {"angle": 0, "axis": "y", "origin": [15.5, 23, 10.5]},
			"faces": {
				"north": {"uv": [8, 3, 9, 4], "texture": "#1"},
				"east": {"uv": [8, 3, 9, 4], "texture": "#1"},
				"south": {"uv": [8, 3, 9, 4], "texture": "#1"},
				"west": {"uv": [8, 3, 9, 4], "texture": "#1"},
				"up": {"uv": [8, 3, 9, 4], "texture": "#1"},
				"down": {"uv": [8, 3, 9, 4], "texture": "#1"}
			}
		},
		{
			"from": [4, 6.5, 18],
			"to": [5, 7.5, 19],
			"rotation": {"angle": 0, "axis": "y", "origin": [7.5, 23, 10.5]},
			"faces": {
				"north": {"uv": [8, 3, 9, 4], "texture": "#1"},
				"east": {"uv": [8, 3, 9, 4], "texture": "#1"},
				"south": {"uv": [8, 3, 9, 4], "texture": "#1"},
				"west": {"uv": [8, 3, 9, 4], "texture": "#1"},
				"up": {"uv": [8, 3, 9, 4], "texture": "#1"},
				"down": {"uv": [8, 3, 9, 4], "texture": "#1"}
			}
		},
		{
			"from": [11.5, 6.5, 18],
			"to": [12.5, 7.5, 19],
			"rotation": {"angle": 0, "axis": "y", "origin": [15.5, 23, 10.5]},
			"faces": {
				"north": {"uv": [8, 3, 9, 4], "texture": "#1"},
				"east": {"uv": [8, 3, 9, 4], "texture": "#1"},
				"south": {"uv": [8, 3, 9, 4], "texture": "#1"},
				"west": {"uv": [8, 3, 9, 4], "texture": "#1"},
				"up": {"uv": [8, 3, 9, 4], "texture": "#1"},
				"down": {"uv": [8, 3, 9, 4], "texture": "#1"}
			}
		},
		{
			"from": [11.5, 3.5, 18],
			"to": [12.5, 4.5, 19],
			"rotation": {"angle": 0, "axis": "y", "origin": [15.5, 23, 10.5]},
			"faces": {
				"north": {"uv": [8, 2, 9, 3], "texture": "#1"},
				"east": {"uv": [8, 2, 9, 3], "texture": "#1"},
				"south": {"uv": [8, 2, 9, 3], "texture": "#1"},
				"west": {"uv": [8, 2, 9, 3], "texture": "#1"},
				"up": {"uv": [8, 2, 9, 3], "texture": "#1"},
				"down": {"uv": [8, 2, 9, 3], "texture": "#1"}
			}
		},
		{
			"from": [4, 5.5, 18],
			"to": [5, 6.5, 19],
			"rotation": {"angle": 0, "axis": "y", "origin": [15.5, 23, 10.5]},
			"faces": {
				"north": {"uv": [8, 2, 9, 3], "texture": "#1"},
				"east": {"uv": [8, 2, 9, 3], "texture": "#1"},
				"south": {"uv": [8, 2, 9, 3], "texture": "#1"},
				"west": {"uv": [8, 2, 9, 3], "texture": "#1"},
				"up": {"uv": [8, 2, 9, 3], "texture": "#1"},
				"down": {"uv": [8, 2, 9, 3], "texture": "#1"}
			}
		},
		{
			"from": [11, -1.5, 16],
			"to": [12, -0.5, 17],
			"rotation": {"angle": 0, "axis": "y", "origin": [16, 23, 10]},
			"faces": {
				"north": {"uv": [8, 3, 8.5, 3.5], "texture": "#1"},
				"east": {"uv": [8, 3, 9, 4], "texture": "#1"},
				"south": {"uv": [8, 3, 9, 4], "texture": "#1"},
				"west": {"uv": [8, 3, 8.5, 3.5], "texture": "#1"},
				"up": {"uv": [8, 3, 9, 4], "texture": "#1"},
				"down": {"uv": [8, 3, 9, 4], "texture": "#1"}
			}
		},
		{
			"from": [4, -1.5, 17],
			"to": [5, -0.5, 18],
			"rotation": {"angle": 0, "axis": "y", "origin": [8, 23, 8]},
			"faces": {
				"north": {"uv": [8, 3, 8.5, 3.5], "texture": "#1"},
				"east": {"uv": [8, 3, 9, 4], "texture": "#1"},
				"south": {"uv": [8, 3, 9, 4], "texture": "#1"},
				"west": {"uv": [8, 3, 8.5, 3.5], "texture": "#1"},
				"up": {"uv": [8, 3, 9, 4], "texture": "#1"},
				"down": {"uv": [8, 3, 9, 4], "texture": "#1"}
			}
		},
		{
			"from": [12.5, -1.5, 18],
			"to": [13.5, -0.5, 19],
			"rotation": {"angle": 0, "axis": "y", "origin": [16.5, 23, 8]},
			"faces": {
				"north": {"uv": [8, 3, 8.5, 3.5], "texture": "#1"},
				"east": {"uv": [8, 3, 9, 4], "texture": "#1"},
				"south": {"uv": [8, 3, 9, 4], "texture": "#1"},
				"west": {"uv": [8, 3, 8.5, 3.5], "texture": "#1"},
				"up": {"uv": [8, 3, 9, 4], "texture": "#1"},
				"down": {"uv": [8, 3, 9, 4], "texture": "#1"}
			}
		},
		{
			"from": [3, -3.5, 16],
			"to": [4, -2.5, 17],
			"rotation": {"angle": 0, "axis": "y", "origin": [7.5, 23, 10]},
			"faces": {
				"north": {"uv": [8, 5, 8.5, 5.5], "texture": "#1"},
				"east": {"uv": [8, 5, 9, 6], "texture": "#1"},
				"south": {"uv": [8, 5, 9, 6], "texture": "#1"},
				"west": {"uv": [8, 5, 8.5, 5.5], "texture": "#1"},
				"up": {"uv": [8, 5, 9, 6], "texture": "#1"},
				"down": {"uv": [8, 5, 9, 6], "texture": "#1"}
			}
		},
		{
			"from": [11, -3.5, 16],
			"to": [12, -2.5, 17],
			"rotation": {"angle": 0, "axis": "y", "origin": [16.5, 23, 10]},
			"faces": {
				"north": {"uv": [8, 5, 8.5, 5.5], "texture": "#1"},
				"east": {"uv": [8, 5, 9, 6], "texture": "#1"},
				"south": {"uv": [8, 5, 9, 6], "texture": "#1"},
				"west": {"uv": [8, 5, 8.5, 5.5], "texture": "#1"},
				"up": {"uv": [8, 5, 9, 6], "texture": "#1"},
				"down": {"uv": [8, 5, 9, 6], "texture": "#1"}
			}
		},
		{
			"from": [3, -8.5, 18.5],
			"to": [4, -7.5, 19.5],
			"rotation": {"angle": 0, "axis": "y", "origin": [7.5, 23, 10]},
			"faces": {
				"north": {"uv": [8, 8, 9, 9], "texture": "#1"},
				"east": {"uv": [8, 8, 9, 9], "texture": "#1"},
				"south": {"uv": [8, 8, 9, 9], "texture": "#1"},
				"west": {"uv": [8, 8, 9, 9], "texture": "#1"},
				"up": {"uv": [8, 8, 9, 9], "texture": "#1"},
				"down": {"uv": [8, 8, 9, 9], "texture": "#1"}
			}
		},
		{
			"from": [3.5, -9.5, 18.5],
			"to": [4.5, -8.5, 19.5],
			"rotation": {"angle": 0, "axis": "y", "origin": [7.5, 23, 10]},
			"faces": {
				"north": {"uv": [8, 8, 9, 9], "texture": "#1"},
				"east": {"uv": [8, 8, 9, 9], "texture": "#1"},
				"south": {"uv": [8, 8, 9, 9], "texture": "#1"},
				"west": {"uv": [8, 8, 9, 9], "texture": "#1"},
				"up": {"uv": [8, 8, 9, 9], "texture": "#1"},
				"down": {"uv": [8, 8, 9, 9], "texture": "#1"}
			}
		},
		{
			"from": [12, -8, 17.5],
			"to": [13, -7, 18.5],
			"rotation": {"angle": 0, "axis": "y", "origin": [16.5, 23, 10]},
			"faces": {
				"north": {"uv": [8, 7, 8.5, 7.5], "texture": "#1"},
				"east": {"uv": [8, 7, 9, 8], "texture": "#1"},
				"south": {"uv": [8, 7, 9, 8], "texture": "#1"},
				"west": {"uv": [8, 7, 8.5, 7.5], "texture": "#1"},
				"up": {"uv": [8, 7, 9, 8], "texture": "#1"},
				"down": {"uv": [8, 7, 9, 8], "texture": "#1"}
			}
		},
		{
			"from": [12, -9.5, 17.5],
			"to": [13, -8.5, 18.5],
			"rotation": {"angle": 0, "axis": "y", "origin": [16.5, 23, 10]},
			"faces": {
				"north": {"uv": [8, 8, 9, 9], "texture": "#1"},
				"east": {"uv": [8, 8, 9, 9], "texture": "#1"},
				"south": {"uv": [8, 8, 9, 9], "texture": "#1"},
				"west": {"uv": [8, 8, 9, 9], "texture": "#1"},
				"up": {"uv": [8, 8, 9, 9], "texture": "#1"},
				"down": {"uv": [8, 8, 9, 9], "texture": "#1"}
			}
		},
		{
			"from": [5, -5, 17],
			"to": [6, -4, 18],
			"rotation": {"angle": 0, "axis": "y", "origin": [7, 23, 10]},
			"faces": {
				"north": {"uv": [8, 5, 8.5, 5.5], "texture": "#1"},
				"east": {"uv": [8, 5, 9, 6], "texture": "#1"},
				"south": {"uv": [8, 5, 9, 6], "texture": "#1"},
				"west": {"uv": [8, 5, 8.5, 5.5], "texture": "#1"},
				"up": {"uv": [8, 5, 9, 6], "texture": "#1"},
				"down": {"uv": [8, 5, 9, 6], "texture": "#1"}
			}
		},
		{
			"from": [14, -5, 17],
			"to": [15, -4, 18],
			"rotation": {"angle": 0, "axis": "y", "origin": [16, 23, 10]},
			"faces": {
				"north": {"uv": [8, 5, 8.5, 5.5], "texture": "#1"},
				"east": {"uv": [8, 5, 9, 6], "texture": "#1"},
				"south": {"uv": [8, 5, 9, 6], "texture": "#1"},
				"west": {"uv": [8, 5, 8.5, 5.5], "texture": "#1"},
				"up": {"uv": [8, 5, 9, 6], "texture": "#1"},
				"down": {"uv": [8, 5, 9, 6], "texture": "#1"}
			}
		},
		{
			"from": [4, -7, 16.5],
			"to": [5, -6, 17.5],
			"rotation": {"angle": 0, "axis": "y", "origin": [7, 23, 10]},
			"faces": {
				"north": {"uv": [8, 6, 8.5, 6.5], "texture": "#1"},
				"east": {"uv": [8, 6, 9, 7], "texture": "#1"},
				"south": {"uv": [8, 6, 9, 7], "texture": "#1"},
				"west": {"uv": [8, 6, 8.5, 6.5], "texture": "#1"},
				"up": {"uv": [8, 6, 9, 7], "texture": "#1"},
				"down": {"uv": [8, 6, 9, 7], "texture": "#1"}
			}
		},
		{
			"from": [13, -7, 15.5],
			"to": [14, -6, 16.5],
			"rotation": {"angle": 0, "axis": "y", "origin": [16, 23, 10]},
			"faces": {
				"north": {"uv": [8, 7, 8.5, 7.5], "texture": "#1"},
				"east": {"uv": [8, 7, 9, 8], "texture": "#1"},
				"south": {"uv": [8, 7, 9, 8], "texture": "#1"},
				"west": {"uv": [8, 7, 8.5, 7.5], "texture": "#1"},
				"up": {"uv": [8, 7, 9, 8], "texture": "#1"},
				"down": {"uv": [8, 7, 9, 8], "texture": "#1"}
			}
		},
		{
			"from": [3.5, -5, 18],
			"to": [4.5, -4, 19],
			"rotation": {"angle": 0, "axis": "y", "origin": [7.5, 23, 10]},
			"faces": {
				"north": {"uv": [8, 6, 8.5, 6.5], "texture": "#1"},
				"east": {"uv": [8, 6, 9, 7], "texture": "#1"},
				"south": {"uv": [8, 6, 9, 7], "texture": "#1"},
				"west": {"uv": [8, 6, 8.5, 6.5], "texture": "#1"},
				"up": {"uv": [8, 6, 9, 7], "texture": "#1"},
				"down": {"uv": [8, 6, 9, 7], "texture": "#1"}
			}
		},
		{
			"from": [12.5, -4.5, 18],
			"to": [13.5, -3.5, 19],
			"rotation": {"angle": 0, "axis": "y", "origin": [16.5, 23, 10]},
			"faces": {
				"north": {"uv": [8, 6, 8.5, 6.5], "texture": "#1"},
				"east": {"uv": [8, 6, 9, 7], "texture": "#1"},
				"south": {"uv": [8, 6, 9, 7], "texture": "#1"},
				"west": {"uv": [8, 6, 8.5, 6.5], "texture": "#1"},
				"up": {"uv": [8, 6, 9, 7], "texture": "#1"},
				"down": {"uv": [8, 6, 9, 7], "texture": "#1"}
			}
		},
		{
			"from": [4.5, -3.5, 18],
			"to": [5.5, -2.5, 19],
			"rotation": {"angle": 0, "axis": "y", "origin": [7.5, 23, 10]},
			"faces": {
				"north": {"uv": [8, 5, 8.5, 5.5], "texture": "#1"},
				"east": {"uv": [8, 5, 9, 6], "texture": "#1"},
				"south": {"uv": [8, 5, 9, 6], "texture": "#1"},
				"west": {"uv": [8, 5, 8.5, 5.5], "texture": "#1"},
				"up": {"uv": [8, 5, 9, 6], "texture": "#1"},
				"down": {"uv": [8, 5, 9, 6], "texture": "#1"}
			}
		},
		{
			"from": [13.5, -3.5, 17],
			"to": [14.5, -2.5, 18],
			"rotation": {"angle": 0, "axis": "y", "origin": [16.5, 23, 10]},
			"faces": {
				"north": {"uv": [8, 3, 8.5, 3.5], "texture": "#1"},
				"east": {"uv": [8, 3, 9, 4], "texture": "#1"},
				"south": {"uv": [8, 3, 9, 4], "texture": "#1"},
				"west": {"uv": [8, 3, 8.5, 3.5], "texture": "#1"},
				"up": {"uv": [8, 3, 9, 4], "texture": "#1"},
				"down": {"uv": [8, 3, 9, 4], "texture": "#1"}
			}
		},
		{
			"from": [2.5, -6, 16.5],
			"to": [3.5, -5, 17.5],
			"rotation": {"angle": 0, "axis": "y", "origin": [7.5, 23, 10]},
			"faces": {
				"north": {"uv": [8, 7, 8.5, 7.5], "texture": "#1"},
				"east": {"uv": [8, 7, 9, 8], "texture": "#1"},
				"south": {"uv": [8, 7, 9, 8], "texture": "#1"},
				"west": {"uv": [8, 7, 8.5, 7.5], "texture": "#1"},
				"up": {"uv": [8, 7, 9, 8], "texture": "#1"},
				"down": {"uv": [8, 7, 9, 8], "texture": "#1"}
			}
		},
		{
			"from": [11.5, -6, 18],
			"to": [12.5, -5, 19],
			"rotation": {"angle": 0, "axis": "y", "origin": [16.5, 23, 10]},
			"faces": {
				"north": {"uv": [8, 6, 8.5, 6.5], "texture": "#1"},
				"east": {"uv": [8, 6, 9, 7], "texture": "#1"},
				"south": {"uv": [8, 6, 9, 7], "texture": "#1"},
				"west": {"uv": [8, 6, 8.5, 6.5], "texture": "#1"},
				"up": {"uv": [8, 6, 9, 7], "texture": "#1"},
				"down": {"uv": [8, 6, 9, 7], "texture": "#1"}
			}
		},
		{
			"from": [2.5, -1.5, 18],
			"to": [3.5, -0.5, 19],
			"rotation": {"angle": 0, "axis": "y", "origin": [7.5, 23, 10]},
			"faces": {
				"north": {"uv": [8, 3, 9, 4], "texture": "#1"},
				"east": {"uv": [8, 3, 9, 4], "texture": "#1"},
				"south": {"uv": [8, 3, 9, 4], "texture": "#1"},
				"west": {"uv": [8, 3, 9, 4], "texture": "#1"},
				"up": {"uv": [8, 3, 9, 4], "texture": "#1"},
				"down": {"uv": [8, 3, 9, 4], "texture": "#1"}
			}
		},
		{
			"from": [1, 0, 16],
			"to": [7, 2, 20],
			"rotation": {"angle": 0, "axis": "y", "origin": [8, 23, 8]},
			"faces": {
				"north": {"uv": [0, 0, 3, 1], "texture": "#0"},
				"east": {"uv": [6, 13, 7, 15], "texture": "#0"},
				"south": {"uv": [0, 0, 3, 1], "texture": "#0"},
				"west": {"uv": [1, 13, 2, 15], "texture": "#0"},
				"up": {"uv": [1, 13, 7, 14], "texture": "#0"},
				"down": {"uv": [1, 14, 7, 15], "texture": "#0"}
			}
		},
		{
			"from": [1, 3, 16],
			"to": [2, 10, 20],
			"rotation": {"angle": 0, "axis": "y", "origin": [8, 23, 8]},
			"faces": {
				"north": {"uv": [0, 0, 0.5, 3.5], "texture": "#0"},
				"east": {"uv": [0, 0, 0.5, 3.5], "texture": "#0"},
				"south": {"uv": [0, 0, 3, 1], "texture": "#0"},
				"west": {"uv": [1, 5, 2, 12], "texture": "#0"},
				"up": {"uv": [1, 5, 2, 6], "texture": "#0"},
				"down": {"uv": [1, 11, 2, 12], "texture": "#0"}
			}
		},
		{
			"from": [2, 3, 16],
			"to": [3, 8, 20],
			"rotation": {"angle": 0, "axis": "y", "origin": [8, 23, 8]},
			"faces": {
				"north": {"uv": [0, 0, 0.5, 3.5], "texture": "#0"},
				"east": {"uv": [2, 7, 3, 12], "texture": "#0"},
				"south": {"uv": [0, 0, 3, 1], "texture": "#0"},
				"west": {"uv": [0, 0, 1, 7], "texture": "#0"},
				"up": {"uv": [0, 0, 1, 1], "texture": "#0"},
				"down": {"uv": [0, 0, 1, 1], "texture": "#0"}
			}
		},
		{
			"from": [3, 8, 16],
			"to": [5, 9, 20],
			"rotation": {"angle": 0, "axis": "y", "origin": [8, 23, 8]},
			"faces": {
				"north": {"uv": [0, 0, 0.5, 3.5], "rotation": 90, "texture": "#0"},
				"east": {"uv": [0, 0, 1, 1], "rotation": 270, "texture": "#0"},
				"south": {"uv": [0, 0, 3, 1], "rotation": 270, "texture": "#0"},
				"west": {"uv": [0, 0, 1, 1], "rotation": 270, "texture": "#0"},
				"up": {"uv": [0, 0, 1, 5], "rotation": 270, "texture": "#0"},
				"down": {"uv": [3, 6, 5, 7], "rotation": 270, "texture": "#0"}
			}
		},
		{
			"from": [3, 2, 16],
			"to": [5, 3, 20],
			"rotation": {"angle": 0, "axis": "y", "origin": [8, 23, 8]},
			"faces": {
				"north": {"uv": [0, 0, 0.5, 3.5], "rotation": 270, "texture": "#0"},
				"east": {"uv": [0, 0, 1, 1], "rotation": 90, "texture": "#0"},
				"south": {"uv": [0, 0, 3, 1], "rotation": 90, "texture": "#0"},
				"west": {"uv": [0, 0, 1, 1], "rotation": 90, "texture": "#0"},
				"up": {"uv": [3, 12, 5, 13], "rotation": 90, "texture": "#0"},
				"down": {"uv": [0, 0, 1, 5], "rotation": 90, "texture": "#0"}
			}
		},
		{
			"from": [5, 3, 16],
			"to": [6, 8, 20],
			"rotation": {"angle": 0, "axis": "y", "origin": [8, 23, 8]},
			"faces": {
				"north": {"uv": [0, 0, 0.5, 3.5], "texture": "#0"},
				"east": {"uv": [0, 0, 1, 5], "texture": "#0"},
				"south": {"uv": [0, 0, 3, 1], "texture": "#0"},
				"west": {"uv": [5, 7, 6, 12], "texture": "#0"},
				"up": {"uv": [0, 0, 1, 1], "texture": "#0"},
				"down": {"uv": [0, 0, 1, 1], "texture": "#0"}
			}
		},
		{
			"from": [2, 2, 16],
			"to": [3, 3, 20],
			"rotation": {"angle": 0, "axis": "y", "origin": [8, 23, 8]},
			"faces": {
				"north": {"uv": [0, 0, 0.5, 0.5], "texture": "#0"},
				"east": {"uv": [0, 0, 0.5, 0.5], "texture": "#0"},
				"south": {"uv": [0, 0, 3, 1], "texture": "#0"},
				"west": {"uv": [2, 12, 3, 13], "texture": "#0"},
				"up": {"uv": [0, 0, 0.5, 0.5], "texture": "#0"},
				"down": {"uv": [0, 0, 0.5, 0.5], "texture": "#0"}
			}
		},
		{
			"from": [2, 10, 16],
			"to": [6, 12, 20],
			"rotation": {"angle": 0, "axis": "y", "origin": [8, 23, 8]},
			"faces": {
				"north": {"uv": [0, 0, 0.5, 1], "texture": "#0"},
				"east": {"uv": [5, 3, 6, 5], "texture": "#0"},
				"south": {"uv": [0, 0, 2, 1], "texture": "#0"},
				"west": {"uv": [2, 3, 3, 5], "texture": "#0"},
				"up": {"uv": [2, 3, 6, 4], "texture": "#0"},
				"down": {"uv": [0, 0, 0.5, 0.5], "texture": "#0"}
			}
		},
		{
			"from": [3, 12, 16],
			"to": [5, 13, 20],
			"rotation": {"angle": 0, "axis": "y", "origin": [8, 23, 8]},
			"faces": {
				"north": {"uv": [0, 0, 1, 0.5], "texture": "#0"},
				"east": {"uv": [4, 2, 5, 3], "texture": "#0"},
				"south": {"uv": [3, 0, 4, 0.5], "texture": "#0"},
				"west": {"uv": [3, 2, 4, 3], "texture": "#0"},
				"up": {"uv": [3, 2, 5, 3], "texture": "#0"},
				"down": {"uv": [0, 0, 1, 0.5], "texture": "#0"}
			}
		},
		{
			"from": [6, 9, 16],
			"to": [7, 10, 20],
			"rotation": {"angle": 0, "axis": "y", "origin": [8, 23, 8]},
			"faces": {
				"north": {"uv": [0, 0, 0.5, 0.5], "texture": "#0"},
				"east": {"uv": [6, 5, 7, 6], "texture": "#0"},
				"south": {"uv": [0, 0, 3, 1], "texture": "#0"},
				"west": {"uv": [0.5, 2, 1, 2.5], "texture": "#0"},
				"up": {"uv": [5, 4, 6, 5], "texture": "#0"},
				"down": {"uv": [0, 0, 0.5, 0.5], "texture": "#0"}
			}
		},
		{
			"from": [6, 3, 16],
			"to": [7, 4, 20],
			"rotation": {"angle": 0, "axis": "y", "origin": [8, 23, 8]},
			"faces": {
				"north": {"uv": [0, 0, 0.5, 0.5], "texture": "#0"},
				"east": {"uv": [6, 11, 7, 12], "texture": "#0"},
				"south": {"uv": [0, 0, 3, 1], "texture": "#0"},
				"west": {"uv": [0, 0, 0.5, 0.5], "texture": "#0"},
				"up": {"uv": [0, 0, 0.5, 0.5], "texture": "#0"},
				"down": {"uv": [6, 11, 7, 12], "texture": "#0"}
			}
		},
		{
			"from": [5, 2, 16],
			"to": [6, 3, 20],
			"rotation": {"angle": 0, "axis": "y", "origin": [8, 23, 8]},
			"faces": {
				"north": {"uv": [0, 0, 0.5, 0.5], "texture": "#0"},
				"east": {"uv": [5, 12, 6, 13], "texture": "#0"},
				"south": {"uv": [0, 0, 3, 1], "texture": "#0"},
				"west": {"uv": [0, 0, 0.5, 0.5], "texture": "#0"},
				"up": {"uv": [0, 0, 0.5, 0.5], "texture": "#0"},
				"down": {"uv": [0, 0, 0.5, 0.5], "texture": "#0"}
			}
		},
		{
			"from": [9, 0, 16],
			"to": [15, 2, 20],
			"rotation": {"angle": 0, "axis": "y", "origin": [8, 23, 28]},
			"faces": {
				"north": {"uv": [0, 0, 3, 1], "texture": "#0"},
				"east": {"uv": [1, 13, 2, 15], "texture": "#0"},
				"south": {"uv": [0, 0, 3, 1], "texture": "#0"},
				"west": {"uv": [6, 13, 7, 15], "texture": "#0"},
				"up": {"uv": [1, 13, 7, 14], "rotation": 180, "texture": "#0"},
				"down": {"uv": [1, 14, 7, 15], "rotation": 180, "texture": "#0"}
			}
		},
		{
			"from": [14, 3, 16],
			"to": [15, 10, 20],
			"rotation": {"angle": 0, "axis": "y", "origin": [8, 23, 28]},
			"faces": {
				"north": {"uv": [0, 0, 3, 1], "texture": "#0"},
				"east": {"uv": [1, 5, 2, 12], "texture": "#0"},
				"south": {"uv": [0, 0, 0.5, 3.5], "texture": "#0"},
				"west": {"uv": [0, 0, 0.5, 3.5], "texture": "#0"},
				"up": {"uv": [1, 5, 2, 6], "rotation": 180, "texture": "#0"},
				"down": {"uv": [1, 11, 2, 12], "rotation": 180, "texture": "#0"}
			}
		},
		{
			"from": [13, 3, 16],
			"to": [14, 8, 20],
			"rotation": {"angle": 0, "axis": "y", "origin": [8, 23, 28]},
			"faces": {
				"north": {"uv": [0, 0, 3, 1], "texture": "#0"},
				"east": {"uv": [0, 0, 1, 7], "texture": "#0"},
				"south": {"uv": [0, 0, 0.5, 3.5], "texture": "#0"},
				"west": {"uv": [2, 7, 3, 12], "texture": "#0"},
				"up": {"uv": [0, 0, 1, 1], "rotation": 180, "texture": "#0"},
				"down": {"uv": [0, 0, 1, 1], "rotation": 180, "texture": "#0"}
			}
		},
		{
			"from": [11, 8, 16],
			"to": [13, 9, 20],
			"rotation": {"angle": 0, "axis": "y", "origin": [8, 23, 28]},
			"faces": {
				"north": {"uv": [0, 0, 3, 1], "rotation": 270, "texture": "#0"},
				"east": {"uv": [0, 0, 1, 1], "rotation": 270, "texture": "#0"},
				"south": {"uv": [0, 0, 0.5, 3.5], "rotation": 90, "texture": "#0"},
				"west": {"uv": [0, 0, 1, 1], "rotation": 270, "texture": "#0"},
				"up": {"uv": [0, 0, 1, 5], "rotation": 90, "texture": "#0"},
				"down": {"uv": [3, 6, 5, 7], "rotation": 90, "texture": "#0"}
			}
		},
		{
			"from": [11, 2, 16],
			"to": [13, 3, 20],
			"rotation": {"angle": 0, "axis": "y", "origin": [8, 23, 28]},
			"faces": {
				"north": {"uv": [0, 0, 3, 1], "rotation": 90, "texture": "#0"},
				"east": {"uv": [0, 0, 1, 1], "rotation": 90, "texture": "#0"},
				"south": {"uv": [0, 0, 0.5, 3.5], "rotation": 270, "texture": "#0"},
				"west": {"uv": [0, 0, 1, 1], "rotation": 90, "texture": "#0"},
				"up": {"uv": [3, 12, 5, 13], "rotation": 270, "texture": "#0"},
				"down": {"uv": [0, 0, 1, 5], "rotation": 270, "texture": "#0"}
			}
		},
		{
			"from": [10, 3, 16],
			"to": [11, 8, 20],
			"rotation": {"angle": 0, "axis": "y", "origin": [8, 23, 28]},
			"faces": {
				"north": {"uv": [0, 0, 3, 1], "texture": "#0"},
				"east": {"uv": [5, 7, 6, 12], "texture": "#0"},
				"south": {"uv": [0, 0, 0.5, 3.5], "texture": "#0"},
				"west": {"uv": [0, 0, 1, 5], "texture": "#0"},
				"up": {"uv": [0, 0, 1, 1], "rotation": 180, "texture": "#0"},
				"down": {"uv": [0, 0, 1, 1], "rotation": 180, "texture": "#0"}
			}
		},
		{
			"from": [13, 2, 16],
			"to": [14, 3, 20],
			"rotation": {"angle": 0, "axis": "y", "origin": [8, 23, 28]},
			"faces": {
				"north": {"uv": [0, 0, 3, 1], "texture": "#0"},
				"east": {"uv": [2, 12, 3, 13], "texture": "#0"},
				"south": {"uv": [0, 0, 0.5, 0.5], "texture": "#0"},
				"west": {"uv": [0, 0, 0.5, 0.5], "texture": "#0"},
				"up": {"uv": [0, 0, 0.5, 0.5], "rotation": 180, "texture": "#0"},
				"down": {"uv": [0, 0, 0.5, 0.5], "rotation": 180, "texture": "#0"}
			}
		},
		{
			"from": [10, 10, 16],
			"to": [14, 12, 20],
			"rotation": {"angle": 0, "axis": "y", "origin": [8, 23, 28]},
			"faces": {
				"north": {"uv": [0, 0, 2, 1], "texture": "#0"},
				"east": {"uv": [2, 3, 3, 5], "texture": "#0"},
				"south": {"uv": [0, 0, 0.5, 1], "texture": "#0"},
				"west": {"uv": [5, 3, 6, 5], "texture": "#0"},
				"up": {"uv": [2, 3, 6, 4], "rotation": 180, "texture": "#0"},
				"down": {"uv": [0, 0, 0.5, 0.5], "rotation": 180, "texture": "#0"}
			}
		},
		{
			"from": [11, 12, 16],
			"to": [13, 13, 20],
			"rotation": {"angle": 0, "axis": "y", "origin": [8, 23, 28]},
			"faces": {
				"north": {"uv": [3, 0, 4, 0.5], "texture": "#0"},
				"east": {"uv": [3, 2, 4, 3], "texture": "#0"},
				"south": {"uv": [0, 0, 1, 0.5], "texture": "#0"},
				"west": {"uv": [4, 2, 5, 3], "texture": "#0"},
				"up": {"uv": [3, 2, 5, 3], "rotation": 180, "texture": "#0"},
				"down": {"uv": [0, 0, 1, 0.5], "rotation": 180, "texture": "#0"}
			}
		},
		{
			"from": [9, 9, 16],
			"to": [10, 10, 20],
			"rotation": {"angle": 0, "axis": "y", "origin": [8, 23, 28]},
			"faces": {
				"north": {"uv": [0, 0, 3, 1], "texture": "#0"},
				"east": {"uv": [0.5, 2, 1, 2.5], "texture": "#0"},
				"south": {"uv": [0, 0, 0.5, 0.5], "texture": "#0"},
				"west": {"uv": [6, 5, 7, 6], "texture": "#0"},
				"up": {"uv": [5, 4, 6, 5], "rotation": 180, "texture": "#0"},
				"down": {"uv": [0, 0, 0.5, 0.5], "rotation": 180, "texture": "#0"}
			}
		},
		{
			"from": [9, 3, 16],
			"to": [10, 4, 20],
			"rotation": {"angle": 0, "axis": "y", "origin": [8, 23, 28]},
			"faces": {
				"north": {"uv": [0, 0, 3, 1], "texture": "#0"},
				"east": {"uv": [0, 0, 0.5, 0.5], "texture": "#0"},
				"south": {"uv": [0, 0, 0.5, 0.5], "texture": "#0"},
				"west": {"uv": [6, 11, 7, 12], "texture": "#0"},
				"up": {"uv": [0, 0, 0.5, 0.5], "rotation": 180, "texture": "#0"},
				"down": {"uv": [6, 11, 7, 12], "rotation": 180, "texture": "#0"}
			}
		},
		{
			"from": [10, 2, 16],
			"to": [11, 3, 20],
			"rotation": {"angle": 0, "axis": "y", "origin": [8, 23, 28]},
			"faces": {
				"north": {"uv": [0, 0, 3, 1], "texture": "#0"},
				"east": {"uv": [0, 0, 0.5, 0.5], "texture": "#0"},
				"south": {"uv": [0, 0, 0.5, 0.5], "texture": "#0"},
				"west": {"uv": [5, 12, 6, 13], "texture": "#0"},
				"up": {"uv": [0, 0, 0.5, 0.5], "rotation": 180, "texture": "#0"},
				"down": {"uv": [0, 0, 0.5, 0.5], "rotation": 180, "texture": "#0"}
			}
		},
		{
			"from": [7, 8, 16],
			"to": [9, 9, 20],
			"rotation": {"angle": 0, "axis": "y", "origin": [8, 23, 8]},
			"faces": {
				"north": {"uv": [0, 0, 0.5, 0.5], "texture": "#0"},
				"east": {"uv": [0, 0, 1, 1], "texture": "#0"},
				"south": {"uv": [0, 0, 3, 1], "texture": "#0"},
				"west": {"uv": [0.5, 2, 1, 2.5], "texture": "#0"},
				"up": {"uv": [7, 6, 9, 7], "texture": "#0"},
				"down": {"uv": [0, 0, 0.5, 0.5], "texture": "#0"}
			}
		},
		{
			"from": [7, 4, 16],
			"to": [9, 5, 20],
			"rotation": {"angle": 0, "axis": "y", "origin": [8, 23, 8]},
			"faces": {
				"north": {"uv": [0, 0, 0.5, 0.5], "texture": "#0"},
				"east": {"uv": [0, 0, 1, 1], "texture": "#0"},
				"south": {"uv": [0, 0, 3, 1], "texture": "#0"},
				"west": {"uv": [0.5, 2, 1, 2.5], "texture": "#0"},
				"up": {"uv": [7, 0, 9, 1], "texture": "#0"},
				"down": {"uv": [7, 10, 9, 11], "texture": "#0"}
			}
		},
		{
			"name": "faces",
			"from": [0, -1, 16],
			"to": [16, 15, 20],
			"shade": false,
			"rotation": {"angle": 0, "axis": "x", "origin": [8, 23, 8]},
			"faces": {
				"north": {"uv": [0, 0, 16, 16], "texture": "#0"},
				"east": {"uv": [0, 0, 0.5, 0.5], "texture": "#0"},
				"south": {"uv": [0, 0, 16, 16], "texture": "#0"},
				"west": {"uv": [0, 0, 0.5, 0.5], "texture": "#0"},
				"up": {"uv": [0, 0, 0.5, 8.5], "rotation": 90, "texture": "#0"},
				"down": {"uv": [0, 0, 0.5, 8.5], "rotation": 270, "texture": "#0"}
			}
		},
		{
			"from": [3, 3, 16.5],
			"to": [5, 8, 19.5],
			"rotation": {"angle": 0, "axis": "y", "origin": [8, 23, 8]},
			"faces": {
				"north": {"uv": [0, 0, 8, 16], "texture": "#1"},
				"east": {"uv": [0, 0, 0.5, 0.5], "texture": "#1"},
				"south": {"uv": [0, 0, 8, 16], "texture": "#1"},
				"west": {"uv": [0, 0, 0.5, 0.5], "texture": "#1"},
				"up": {"uv": [0, 0, 0.5, 8.5], "rotation": 270, "texture": "#1"},
				"down": {"uv": [0, 0, 0.5, 8.5], "rotation": 90, "texture": "#1"}
			}
		},
		{
			"from": [11, 3, 16.5],
			"to": [13, 8, 19.5],
			"rotation": {"angle": 0, "axis": "y", "origin": [8, 23, 8]},
			"faces": {
				"north": {"uv": [0, 0, 8, 16], "texture": "#1"},
				"east": {"uv": [0, 0, 0.5, 0.5], "texture": "#1"},
				"south": {"uv": [0, 0, 8, 16], "texture": "#1"},
				"west": {"uv": [0, 0, 0.5, 0.5], "texture": "#1"},
				"up": {"uv": [0, 0, 0.5, 8.5], "rotation": 270, "texture": "#1"},
				"down": {"uv": [0, 0, 0.5, 8.5], "rotation": 90, "texture": "#1"}
			}
		},
		{
			"from": [3.5, 13, 16],
			"to": [4.5, 14, 16.5],
			"rotation": {"angle": 0, "axis": "y", "origin": [8, 23, 8]},
			"faces": {
				"north": {"uv": [8, 9, 9, 11], "texture": "#1"},
				"east": {"uv": [8, 9, 8.5, 11], "texture": "#1"},
				"south": {"uv": [8, 9, 9, 11], "texture": "#1"},
				"west": {"uv": [8, 9, 9, 11], "texture": "#1"},
				"up": {"uv": [1, 5, 2, 6], "texture": "#1"},
				"down": {"uv": [1, 11, 2, 12], "texture": "#1"}
			}
		},
		{
			"from": [11.5, 13, 16],
			"to": [12.5, 14, 16.5],
			"rotation": {"angle": 0, "axis": "y", "origin": [16, 23, 8]},
			"faces": {
				"north": {"uv": [8, 9, 9, 11], "texture": "#1"},
				"east": {"uv": [8, 9, 8.5, 11], "texture": "#1"},
				"south": {"uv": [8, 9, 9, 11], "texture": "#1"},
				"west": {"uv": [8, 9, 9, 11], "texture": "#1"},
				"up": {"uv": [1, 5, 2, 6], "texture": "#1"},
				"down": {"uv": [1, 11, 2, 12], "texture": "#1"}
			}
		},
		{
			"from": [3.5, 14, 10.5],
			"to": [4.5, 14.5, 16.5],
			"rotation": {"angle": 0, "axis": "x", "origin": [8, 23, 8]},
			"faces": {
				"north": {"uv": [8, 9, 9, 10], "rotation": 180, "texture": "#1"},
				"east": {"uv": [8, 9, 9, 16], "rotation": 90, "texture": "#1"},
				"south": {"uv": [8, 15, 9, 16], "texture": "#1"},
				"west": {"uv": [8, 9, 9, 16], "rotation": 270, "texture": "#1"},
				"up": {"uv": [8, 9, 9, 16], "texture": "#1"},
				"down": {"uv": [8, 9, 8.5, 16], "rotation": 180, "texture": "#1"}
			}
		},
		{
			"from": [3.5, 8, 10.5],
			"to": [4.5, 14, 11],
			"rotation": {"angle": 0, "axis": "x", "origin": [8, 23, 8]},
			"faces": {
				"north": {"uv": [8, 9, 8.5, 16], "texture": "#1"},
				"east": {"uv": [8, 9, 9, 16], "texture": "#1"},
				"south": {"uv": [8, 9, 9, 16], "texture": "#1"},
				"west": {"uv": [8, 9, 9, 16], "texture": "#1"},
				"up": {"uv": [8, 9, 9, 10], "texture": "#1"},
				"down": {"uv": [8, 15, 9, 16], "texture": "#1"}
			}
		},
		{
			"from": [11.5, 8, 10.5],
			"to": [12.5, 14, 11],
			"rotation": {"angle": 0, "axis": "x", "origin": [16, 23, 8]},
			"faces": {
				"north": {"uv": [8, 9, 8.5, 16], "texture": "#1"},
				"east": {"uv": [8, 9, 9, 16], "texture": "#1"},
				"south": {"uv": [8, 9, 9, 16], "texture": "#1"},
				"west": {"uv": [8, 9, 9, 16], "texture": "#1"},
				"up": {"uv": [8, 9, 9, 10], "texture": "#1"},
				"down": {"uv": [8, 15, 9, 16], "texture": "#1"}
			}
		},
		{
			"from": [3.5, 2, 10.5],
			"to": [4.5, 8, 11],
			"rotation": {"angle": 0, "axis": "x", "origin": [8, 23, 8]},
			"faces": {
				"north": {"uv": [8, 9, 8.5, 16], "texture": "#1"},
				"east": {"uv": [8, 9, 9, 16], "texture": "#1"},
				"south": {"uv": [8, 9, 9, 16], "texture": "#1"},
				"west": {"uv": [8, 9, 9, 16], "texture": "#1"},
				"up": {"uv": [8, 9, 9, 10], "texture": "#1"},
				"down": {"uv": [8, 15, 9, 16], "texture": "#1"}
			}
		},
		{
			"from": [11.5, 2, 10.5],
			"to": [12.5, 8, 11],
			"rotation": {"angle": 0, "axis": "x", "origin": [16, 23, 8]},
			"faces": {
				"north": {"uv": [8, 9, 8.5, 16], "texture": "#1"},
				"east": {"uv": [8, 9, 9, 16], "texture": "#1"},
				"south": {"uv": [8, 9, 9, 16], "texture": "#1"},
				"west": {"uv": [8, 9, 9, 16], "texture": "#1"},
				"up": {"uv": [8, 9, 9, 10], "texture": "#1"},
				"down": {"uv": [8, 15, 9, 16], "texture": "#1"}
			}
		},
		{
			"from": [11.5, 14, 10.5],
			"to": [12.5, 14.5, 16.5],
			"rotation": {"angle": 0, "axis": "x", "origin": [16, 23, 8]},
			"faces": {
				"north": {"uv": [8, 9, 9, 10], "rotation": 180, "texture": "#1"},
				"east": {"uv": [8, 9, 9, 16], "rotation": 90, "texture": "#1"},
				"south": {"uv": [8, 15, 9, 16], "texture": "#1"},
				"west": {"uv": [8, 9, 9, 16], "rotation": 270, "texture": "#1"},
				"up": {"uv": [8, 9, 9, 16], "texture": "#1"},
				"down": {"uv": [8, 9, 8.5, 16], "rotation": 180, "texture": "#1"}
			}
		},
		{
			"from": [3.5, 1.5, 5],
			"to": [4, 2, 16],
			"rotation": {"angle": 0, "axis": "x", "origin": [8, 18.5, 8]},
			"faces": {
				"north": {"uv": [9, 0, 10, 1], "rotation": 180, "texture": "#1"},
				"east": {"uv": [9, 0, 10, 1], "rotation": 270, "texture": "#1"},
				"south": {"uv": [9, 0, 10, 1], "texture": "#1"},
				"west": {"uv": [9, 0, 10, 1], "rotation": 90, "texture": "#1"},
				"up": {"uv": [9, 0, 9.5, 1], "rotation": 180, "texture": "#1"},
				"down": {"uv": [9, 0, 10, 1], "texture": "#1"}
			}
		},
		{
			"from": [12, 1.5, 5],
			"to": [12.5, 2, 16],
			"rotation": {"angle": 0, "axis": "x", "origin": [5.5, 18.5, 6.5]},
			"faces": {
				"north": {"uv": [9, 0, 10, 1], "rotation": 180, "texture": "#1"},
				"east": {"uv": [9, 0, 10, 1], "rotation": 270, "texture": "#1"},
				"south": {"uv": [9, 0, 10, 1], "texture": "#1"},
				"west": {"uv": [9, 0, 10, 1], "rotation": 90, "texture": "#1"},
				"up": {"uv": [9, 0, 9.5, 1], "rotation": 180, "texture": "#1"},
				"down": {"uv": [9, 0, 10, 1], "texture": "#1"}
			}
		},
		{
			"from": [11.5, 6, 4.5],
			"to": [13, 7.5, 6],
			"rotation": {"angle": 0, "axis": "z", "origin": [6, 22.5, 5.5]},
			"faces": {
				"north": {"uv": [9, 0, 10, 1], "rotation": 180, "texture": "#1"},
				"east": {"uv": [9, 0, 10, 1], "rotation": 180, "texture": "#1"},
				"south": {"uv": [9, 0, 10, 1], "rotation": 180, "texture": "#1"},
				"west": {"uv": [9, 0, 9.5, 1], "rotation": 180, "texture": "#1"},
				"up": {"uv": [9, 0, 10, 1], "rotation": 90, "texture": "#1"},
				"down": {"uv": [9, 0, 10, 1], "rotation": 270, "texture": "#1"}
			}
		},
		{
			"from": [12, 2, 5],
			"to": [12.5, 6, 5.5],
			"rotation": {"angle": 0, "axis": "z", "origin": [6, 21, 5.5]},
			"faces": {
				"north": {"uv": [9, 0, 10, 1], "rotation": 180, "texture": "#1"},
				"east": {"uv": [9, 0, 10, 1], "rotation": 180, "texture": "#1"},
				"south": {"uv": [9, 0, 10, 1], "rotation": 180, "texture": "#1"},
				"west": {"uv": [9, 0, 9.5, 1], "rotation": 180, "texture": "#1"},
				"up": {"uv": [9, 0, 10, 1], "rotation": 90, "texture": "#1"},
				"down": {"uv": [9, 0, 10, 1], "rotation": 270, "texture": "#1"}
			}
		},
		{
			"from": [3, 6, 4.5],
			"to": [4.5, 7.5, 6],
			"rotation": {"angle": 0, "axis": "z", "origin": [9.5, 22.5, 5.5]},
			"faces": {
				"north": {"uv": [9, 0, 10, 1], "rotation": 180, "texture": "#1"},
				"east": {"uv": [9, 0, 10, 1], "rotation": 180, "texture": "#1"},
				"south": {"uv": [9, 0, 10, 1], "rotation": 180, "texture": "#1"},
				"west": {"uv": [9, 0, 9.5, 1], "rotation": 180, "texture": "#1"},
				"up": {"uv": [9, 0, 10, 1], "rotation": 90, "texture": "#1"},
				"down": {"uv": [9, 0, 10, 1], "rotation": 270, "texture": "#1"}
			}
		},
		{
			"from": [3.5, 2, 5],
			"to": [4, 6, 5.5],
			"rotation": {"angle": 0, "axis": "z", "origin": [9.5, 21, 5.5]},
			"faces": {
				"north": {"uv": [9, 0, 10, 1], "rotation": 180, "texture": "#1"},
				"east": {"uv": [9, 0, 10, 1], "rotation": 180, "texture": "#1"},
				"south": {"uv": [9, 0, 10, 1], "rotation": 180, "texture": "#1"},
				"west": {"uv": [9, 0, 9.5, 1], "rotation": 180, "texture": "#1"},
				"up": {"uv": [9, 0, 10, 1], "rotation": 90, "texture": "#1"},
				"down": {"uv": [9, 0, 10, 1], "rotation": 270, "texture": "#1"}
			}
		},
		{
			"from": [3.5, 7.5, 5],
			"to": [4, 8, 5.5],
			"rotation": {"angle": 0, "axis": "z", "origin": [9, 24, 5.5]},
			"faces": {
				"north": {"uv": [8, 1, 9, 2], "rotation": 180, "texture": "#1"},
				"east": {"uv": [8, 1, 9, 2], "rotation": 180, "texture": "#1"},
				"south": {"uv": [8, 1, 9, 2], "rotation": 180, "texture": "#1"},
				"west": {"uv": [8, 1, 9, 2], "rotation": 180, "texture": "#1"},
				"up": {"uv": [8, 1, 9, 2], "rotation": 90, "texture": "#1"},
				"down": {"uv": [8, 1, 9, 2], "rotation": 270, "texture": "#1"}
			}
		},
		{
			"from": [12, 7.5, 5],
			"to": [12.5, 8, 5.5],
			"rotation": {"angle": 0, "axis": "z", "origin": [9, 24, 5.5]},
			"faces": {
				"north": {"uv": [8, 1, 9, 2], "rotation": 180, "texture": "#1"},
				"east": {"uv": [8, 1, 9, 2], "rotation": 180, "texture": "#1"},
				"south": {"uv": [8, 1, 9, 2], "rotation": 180, "texture": "#1"},
				"west": {"uv": [8, 1, 9, 2], "rotation": 180, "texture": "#1"},
				"up": {"uv": [8, 1, 9, 2], "rotation": 90, "texture": "#1"},
				"down": {"uv": [8, 1, 9, 2], "rotation": 270, "texture": "#1"}
			}
		}
	],
	"display": {
		"thirdperson_righthand": {
			"rotation": [68, 0, 0],
			"translation": [-6, 1.25, 5.25],
			"scale": [0.8, 0.8, 0.8]
		},
		"firstperson_righthand": {
			"translation": [-9, 6, 7]
		},
		"gui": {
			"translation": [0, 1, 0]
		},
		"fixed": {
			"rotation": [0, -180, 0],
			"translation": [0, 1, 10.75]
		}
	},
	"groups": [0, 1, 2, 3, 4, 5,
		{
			"name": "fire",
			"origin": [7.5, 23, 10],
			"children": [6, 7, 8, 9, 10, 11, 12, 13, 14, 15, 16, 17, 18, 19, 20, 21, 22, 23, 24, 25]
		},
		{
			"name": "jetpack",
			"origin": [8, 8, 8],
			"children": [
				{
					"name": "left",
					"origin": [8, 8, 8],
					"children": [26, 27,
						{
							"name": "center",
							"origin": [8, 8, 8],
							"children": [28, 29, 30, 31]
						}, 32, 33, 34, 35, 36, 37]
				},
				{
					"name": "right",
					"origin": [8, 8, 8],
					"children": [38, 39,
						{
							"name": "center",
							"origin": [8, 8, 8],
							"children": [40, 41, 42, 43]
						}, 44, 45, 46, 47, 48, 49]
				},
				{
					"name": "middle",
					"origin": [8, 8, 8],
					"children": [50, 51]
				},
				{
					"name": "faces",
					"origin": [8, 8, 8],
					"children": [52, 53, 54]
				},
				{
					"name": "braces",
					"origin": [8, 23, 8],
					"children": [55, 56, 57, 58, 59, 60, 61, 62]
				},
				{
					"name": "buttons",
					"origin": [8, 8, 8],
					"children": [63, 64, 65, 66, 67, 68, 69, 70]
				}
			]
		}
	]
}